{"cameraMode":{"drawMode":0,"name":"Shaded","section":"Shading Mode"},"sceneLighting":false,"audioPlay":false,"sceneViewState":{"m_AlwaysRefresh":false,"showFog":true,"showSkybox":false,"showFlares":true,"showImageEffects":true,"showParticleSystems":true,"showVisualEffectGraphs":true,"m_FxEnabled":true},"in2DMode":false,"pivot":{"x":-5.070000171661377,"y":0.13905653357505799,"z":1.2100000381469727},"rotation":{"x":0.25196921825408938,"y":0.33765098452568056,"z":-0.09432165324687958,"w":0.9020113945007324},"size":1.373358964920044,"orthographic":false}