{"cameraMode":{"drawMode":0,"name":"Shaded","section":"Shading Mode"},"sceneLighting":false,"audioPlay":false,"sceneViewState":{"m_AlwaysRefresh":false,"showFog":true,"showSkybox":false,"showFlares":true,"showImageEffects":true,"showParticleSystems":true,"showVisualEffectGraphs":true,"m_FxEnabled":true},"in2DMode":false,"pivot":{"x":-10.079999923706055,"y":7.239999771118164,"z":10.789999961853028},"rotation":{"x":0.23584944009780885,"y":0.1003686711192131,"z":-0.024498136714100839,"w":0.9662826657295227},"size":1.0529135465621949,"orthographic":false}