{"cameraMode":{"drawMode":0,"name":"Shaded","section":"Shading Mode"},"sceneLighting":false,"audioPlay":false,"sceneViewState":{"m_AlwaysRefresh":false,"showFog":true,"showSkybox":false,"showFlares":true,"showImageEffects":true,"showParticleSystems":true,"showVisualEffectGraphs":true,"m_FxEnabled":true},"in2DMode":false,"pivot":{"x":-0.5329990386962891,"y":1.598647117614746,"z":-2.0230183601379396},"rotation":{"x":0.20774781703948975,"y":-0.03373990207910538,"z":0.00716989953070879,"w":0.9775750637054443},"size":3.740849494934082,"orthographic":false}