{"cameraMode":{"drawMode":0,"name":"Shaded","section":"Shading Mode"},"sceneLighting":true,"audioPlay":false,"sceneViewState":{"m_AlwaysRefresh":false,"showFog":true,"showSkybox":true,"showFlares":true,"showImageEffects":true,"showParticleSystems":true,"showVisualEffectGraphs":true,"m_FxEnabled":true},"in2DMode":false,"pivot":{"x":-0.12998056411743165,"y":0.15376853942871095,"z":0.2467668056488037},"rotation":{"x":-0.1307544708251953,"y":0.48189350962638857,"z":-0.07298380136489868,"w":-0.8633401989936829},"size":3.7342453002929689,"orthographic":false}