{"cameraMode":{"drawMode":0,"name":"Shaded","section":"Shading Mode"},"sceneLighting":false,"audioPlay":false,"sceneViewState":{"m_AlwaysRefresh":false,"showFog":true,"showSkybox":false,"showFlares":true,"showImageEffects":true,"showParticleSystems":true,"showVisualEffectGraphs":true,"m_FxEnabled":true},"in2DMode":false,"pivot":{"x":0.22998058795928956,"y":-2.3899998664855959,"z":2.6013007164001467},"rotation":{"x":0.012822696939110756,"y":-0.1080956980586052,"z":0.001395186991430819,"w":0.9940678477287293},"size":3.401958465576172,"orthographic":false}